temperatura,vibracion,retraso
95.1180310961482,0.8586534838876724,1
68.06149220032007,0.3337508011964325,0
67.89677338617321,0.21037446218063105,0
69.72226150551691,0.5734877786049818,0
71.65631715701782,0.5543600154594432,0
97.06307710806458,0.9439501230620226,1
80.4619363784273,0.5486501643826202,0
67.7690828339261,0.49812912435541024,0
64.37678954081065,0.555623000940066,0
67.14626853125262,0.4329379790923355,0
67.41355774949814,0.48687430329076953,0
62.60739004816286,0.48273727000591804,0
61.18479922318633,0.6380091354147451,0
67.34501522499092,0.5427194361871684,0
66.0373963078365,0.4620872259012513,0
65.55242785187238,0.5758928589786765,0
72.8529933429658,0.404056076327652,0
66.48411787437057,0.41567534046838084,0
74.92161199238292,0.49667700093555395,0
74.85785475477178,0.41607903326609935,0
65.80139078909612,0.5677925871339269,0
77.48022155744592,0.47476464978737126,0
64.44712077267086,0.6217158520825496,0
67.64480847190839,0.5949554135441324,0
69.62777042116916,0.6914031353866786,0
66.99891561420603,0.5393317839394371,0
78.76135221711812,0.6521316051922451,0
70.09209189594776,0.5794264679621828,0
71.61359280169044,0.3521088431225871,0
67.77853369961944,0.5020793707675408,0
65.50792664325822,0.5459972142939117,0
75.84647795222837,0.4890390196074169,0
64.59468336200051,0.5871297297457244,0
71.73790852680835,0.5808057798281145,0
69.45619925771571,0.5119580368414153,0
68.65062532353315,0.5619154261005198,0
73.43025729999219,0.3896791634278317,0
71.80697802754207,0.49530794211208157,0
72.97578512718457,0.5529692754356731,0
68.65555654722584,0.5194384301577336,0
82.08620671194208,1.0192507512477975,1
70.8728890641592,0.39465844368263436,0
83.35690762125508,0.953450564848055,1
64.98735317681096,0.240895770785509,0
68.79381971071835,0.32269675317931185,0
71.22483285554361,0.543693816974635,0
69.90491896048655,0.44234895992732803,0
62.87625906893272,0.7142270358611864,0
68.49448152205356,0.4961491530499293,0
74.32877597085061,0.3985243269307133,0
74.91345491972757,0.3932197078420807,0
82.13199113551549,0.9575205016106566,1
70.06296200390898,0.4066732040926804,0
65.89658840824144,0.3354601253043108,0
82.43393216764207,0.9421586610614456,1
70.37902279096863,0.47865571290697917,0
68.89517913085169,0.43585184047770476,0
83.40076238372578,0.9160018225852788,1
84.2774066464224,0.8809096208272702,1
70.91671002869175,0.6039904687396076,0
68.98903673783053,0.5474698232879953,0
66.42824290986816,0.6009817089342634,0
72.85445255346583,0.3756136764608715,0
74.57701058851038,0.6030283454031842,0
68.77305941998564,0.5594754341665286,0
64.99189995052542,0.5351448207541583,0
68.07458859791842,0.5395803533437409,0
61.48308780322422,0.5490974951638251,0
66.9800740664209,0.6226933223884308,0
69.96013679341691,0.44481418541075535,0
76.84315778766174,0.30336434106239984,0
77.7496720250877,0.5964087168288357,0
87.31086333040972,0.8070489139807591,1
75.15499761247976,0.444969484615458,0
70.45880388267751,0.6500759790634311,0
64.08370743667112,0.5307406697809101,0
68.88268607337075,0.40103718634296626,0
65.80391238388681,0.49744459290085546,0
73.2510058897933,0.5269126941245107,0
66.88429736787617,0.4353772690156197,0
90.70074519260633,1.0112688374989927,1
67.57318226085448,0.41646529467402427,0
70.83226104106528,0.51598563919974,0
82.31621056242643,0.5495681887972604,0
71.85572936685655,0.5766080278384691,0
88.17709015104613,1.1099721789166517,1
85.44328795480719,0.8324291920838388,1
71.38345399665009,0.4246035411133324,0
91.80329297919326,0.9744191971499937,1
70.64610590987614,0.8193107567844862,0
65.462181689792,0.313346338292694,0
70.17631775985865,0.37757017637106344,0
69.24107452482208,0.3163794626896703,0
67.0030367727799,0.45120885918542974,0
80.91455684465905,0.9355613348785661,1
76.23042596248814,0.4761067900830306,0
66.7408194609892,0.4533963498131758,0
80.8162736165273,0.5142943094763707,0
67.05317621527894,0.4993929088460107,0
62.990744686038596,0.38569950872695163,0
73.16390933053142,0.3984178181021603,0
71.13729967302065,0.4702436496640008,0
72.36298741206521,0.3383689391563412,0
71.78556285755873,0.46507422956815714,0
67.3456561353984,0.6615582823548232,0
75.07185032509065,0.6710613372581925,0
80.48974222821245,0.8001939372685587,1
73.22742090570537,0.38060749936009447,0
80.94571244394831,0.8464198536947702,1
64.89383591434644,0.5253739661494573,0
72.48999145622724,0.6711708480142343,0
75.54351790291454,0.4985547729121721,0
79.32887255572378,0.4311849654822276,0
59.791325657878545,0.5754291329813574,0
72.35734178567998,0.3561722021682633,0
82.4551818714625,0.8046060580603356,1
63.99851796472112,0.4350722454933993,0
64.04348251398676,0.5981765486991595,0
66.37128093423267,0.5238368982734785,0
71.07046872065102,0.4398632356048786,0
63.94491900118771,0.48523974137013315,0
76.39225931303649,0.5369642192198094,0
83.46019235180479,0.7706727042128836,1
89.63107701120796,0.8918477326898354,1
76.38838410949255,0.7165002344901084,0
77.88021423774927,0.8769599285794233,1
73.95831346981468,0.48559124442783846,0
70.4982568254382,0.49358616534070077,0
72.96550628984193,0.5126379579546412,0
61.5376768514259,0.5484732817294475,0
65.09245674476024,0.6213097699979183,0
80.85751487609878,0.8137224235956879,1
72.7354869058502,0.6085895565831578,0
66.74199826197092,0.7579709337654319,0
84.95349839430693,0.766968637426101,1
79.41012248237517,0.5919228934575204,0
62.48428523440947,0.5452371796249734,0
85.3944040422762,0.41125078221979,0
58.49039417632208,0.43902170956806175,0
62.384065476081126,0.40806154084135765,0
79.64071383479923,1.040159859294643,1
65.0519758987071,0.4552678104341249,0
75.89720060360644,0.4634678448687891,0
74.11585291980957,0.4044877420650647,0
78.85400317817755,0.48241141875676635,0
69.66960100676341,0.5323167714184781,0
70.75150880730939,0.5190499679779066,0
68.72511391289572,0.4000697767705089,0
65.10618142108846,0.7057495469711699,0
65.22229779699788,0.4627166847908233,0
80.65168459362653,0.8616028728047649,1
76.52739403577165,0.501035261984338,0
67.30120159845319,0.5367287313401341,0
89.26365745327361,0.6749576743186939,0
59.00597021689959,0.48940516456958644,0
73.58771127897981,0.44169225614310614,0
73.12059908526078,0.37903052571588924,0
65.36534764210958,0.5558326912521723,0
83.85700042329991,0.9838940500469613,1
76.38832447894212,0.5028181157369128,0
72.80591420861785,0.7221412415993483,1
71.8860593753226,0.47139957781198893,0
69.90243922089587,0.8350626961678574,1
77.20636644533057,0.6091310120594269,0
68.95938874821363,0.5388578604530965,0
77.23488942176867,0.6612220628255424,0
71.48060138532288,0.5078635190316091,0
68.2035395460647,0.542406104446409,0
70.41141994637712,0.4788869761172306,0
79.26139092254469,0.3331415926122411,0
82.80042269134397,0.5075433638901593,0
77.2188230203663,0.434623366135118,0
69.34928472816158,0.4813028697014554,0
74.06431059419481,0.5267392314071903,0
64.28514851084688,0.6364140429973845,0
71.44887428448206,0.4978632705651564,0
68.67671583381022,0.40114088928490826,0
85.09808328846995,0.8928400748141934,1
67.3511989811648,0.4740957854179297,0
72.29590039614219,0.4247843594409417,0
70.85432719063971,0.40645612979554047,0
77.89786072865357,0.3909600922557154,0
72.57523843153024,0.3597394728200306,0
76.15462047555441,0.9686318456956701,1
74.49799937716625,0.5919076482987768,0
73.20421430633505,0.41181253487722824,0
69.04830660958196,0.6208366230593143,0
69.8265755630661,0.43875626253595623,0
61.20630256788443,0.47231867001110794,0
67.03803037880566,0.5696387447456716,0
63.27774744482861,0.5708214423256557,0
73.07967803472133,0.36540203197532517,0
67.68291153593769,0.6317394065634325,0
82.27650069955448,0.4133825151785499,0
66.50137246003708,0.4790976742713975,0
70.29104359223,0.5223914134064661,0
74.8777256356118,0.4629385667913894,0
63.200719295100406,0.34291238479315006,0
78.98843263424762,0.497347874075094,0
72.31051737131635,0.5141716913639904,0
76.2787806278676,0.34188092979678664,0
73.7312678301361,0.3873232531090195,0
69.87937456444999,0.631759753560796,0
71.71362673188852,0.28643257860213045,0
79.23353662868017,0.5280161158819607,0
81.57329283336755,0.3812401580970487,0
69.64917144270676,0.531917451041918,0
69.51643444064804,0.48796188360464016,0
71.99568057176036,0.5847421677150422,0
85.2045958769786,0.9230070759191402,1
77.00937824058126,0.7153812137761906,1
61.69519533242004,0.6340450446023145,0
66.25756731721724,0.5927840128081238,0
76.03254483254179,0.5560919447941238,0
72.20007225026666,0.7644343347017035,0
63.76108409017575,0.35862855030950197,0
77.64775159730307,0.41536433450091265,0
66.73335383713145,0.42300267689413584,0
67.37739866860113,0.40962981392698716,0
71.97226071189148,0.6492688568959522,0
85.50928147630994,0.950066572138121,1
79.00470216455408,0.4848726716346488,0
75.53192666523107,0.8043563623181992,1
69.98198730454716,0.5953125045376086,0
71.78507742982524,0.5081829358547565,0
73.75693561685894,0.6854092566334189,0
73.53875967727738,0.5043602446372454,0
67.40864890863176,0.707674798356084,0
71.08229294790988,0.3630197020420922,0
66.04762772277344,0.5113270410537765,0
66.61419144243945,0.6490726136849952,0
67.48262172941901,0.532876241030348,0
81.18637610716893,0.9604515326355367,1
68.77128467957027,0.393760647185312,0
66.73688010348805,0.5194736194718775,0
59.380521378450965,0.7157308213265503,0
71.67228394993512,0.6126705136827584,0
72.64902088957642,0.666125921454787,0
78.18412997703595,0.8349976065593102,1
69.83436513563102,0.6310308746119608,0
65.51372814257084,0.6218761851697316,0
72.57219417029374,0.47491669835449524,0
70.43523534119086,0.3443418101340249,0
73.29272136336415,0.39090335697848017,0
74.06758608684835,0.5597400069849858,0
77.2078431032895,0.4542903743413728,0
68.14279567002104,0.4077589815501497,0
75.36815874929886,0.30207001896242125,0
64.01896687959665,0.32602862212219,0
76.53571377141213,0.6375706813311619,0
70.5711382433102,0.5331980330569015,0
74.36160318360339,0.43309272613400834,0
72.0085586104947,0.40269310591184443,0
63.84567841783022,0.5701172742310898,0
73.40945744813156,0.4973594243041073,0
82.95358780943448,0.9584412980472484,1
67.64034067105283,0.4814712341122292,0
67.11614334715834,0.4917319314157301,0
78.16205651965818,0.48887739386512996,0
87.33179187223168,1.0235811620006938,1
66.76713557878736,0.3581634267066968,0
74.2882981160101,0.5541462728204788,0
86.06646853686469,0.9472406277880377,1
73.62883311949346,0.4248208949904816,0
77.51996494291345,0.44952250787717823,0
73.10904981108598,0.42575294143019515,0
71.27210421650607,0.417311964596014,0
58.944323454960575,0.4964358517702516,0
69.52352233806523,0.3198942265847261,0
68.89515200233389,0.558857840442061,0
70.35783118609696,0.39278609880143933,0
75.74636663142837,0.47539375118700516,0
64.93947812369916,0.4665224667893459,0
65.00822979630604,0.5108559705776523,0
66.88650240089703,0.28471094070475167,0
70.98430617934562,0.6047098302612155,0
66.99146693885301,0.4742623462576655,0
72.52493639490228,0.4418319086051356,0
75.29212243424794,0.4778746376414228,0
66.08373353831881,0.6189470488924641,0
86.88204763048758,1.0051947617722918,1
66.93605654757806,0.6304340242878153,0
77.61514928204012,0.4353063222294426,0
64.97929616623966,0.5953136633913245,0
74.3480296005283,0.4354035820875465,0
87.52735079583313,0.9892597338299309,1
82.8667990162493,0.5338483843461691,0
71.91204873092025,0.5092844901141115,0
73.05292872641911,0.5760055963689603,0
85.98657853702798,0.9034152417488025,1
59.66278949980062,0.5181021558703707,0
85.92370289447862,0.7673952313917962,1
70.37047390209888,0.52825799504883,0
83.82990070446509,0.7883475560051341,1
62.923146289747926,0.5998010109859653,0
73.1620386952776,0.4377350638265548,0
77.61562038634828,0.6542109952567876,0
91.19473176469718,0.8399576434261296,1
71.11066885816857,0.5267126651011483,0
85.25443850928009,0.942097294438939,1
72.46225632004075,0.3972324859074042,0
77.51699150883576,0.5725095786847997,0
64.61127611035347,0.48529979983715116,0
95.12154811643427,0.7503470744909921,1
59.63304883795925,0.46331755881853126,0
67.23888477859515,0.5288693629279857,0
75.97523314462421,0.7074082669749974,0
69.63994939209833,0.3705318524279094,0
75.01766448946012,0.6160826787378519,0
71.33525132934629,0.2848184598670695,0
75.677828200903,0.4307094802204093,0
71.20981135783018,0.7075260872625265,0
65.69357899335868,0.5184551303197037,0
92.90270343284186,0.8370736606307212,1
73.14814420961807,0.5321697806196014,0
73.55807439044445,0.6328194141849058,0
72.46658950440445,0.48625514853723084,0
81.91174052282825,0.7912754061137197,1
68.45226780343005,0.6938928999058285,0
84.12072797783965,1.0059936384046622,1
73.71632047011357,0.5615367484013053,0
84.03086930613598,0.9265878229652049,1
70.24042473330691,0.6543243528272189,0
71.88650246522425,0.42719970587708656,0
84.04486118699916,0.7899845767028305,1
59.80937732411073,0.5066990717224872,0
70.9792262754884,0.4776534017628148,0
70.05116530509794,0.46835915503051984,0
66.61803848970365,0.4802661579692674,0
70.93227157384713,0.44464117582920054,0
73.11424966173749,0.4243204911430539,0
73.23844269050346,0.5059630369920174,0
77.89606407753696,0.5895193220027732,0
75.49388425993595,0.5817766299200287,0
86.63372382301161,1.0738899663797579,1
74.77571160250619,0.6702214944635239,0
61.449158036716874,0.4740453322416083,0
73.79484610246634,0.6247742072673734,0
78.89643787042921,0.9462060893251897,1
71.87849009172837,0.5120031326718262,0
83.41142451621883,0.9143388467342252,1
77.66369456501289,0.5579291499601089,0
81.49449061809625,0.47751440181919214,0
70.88850500466627,0.3593682536328166,0
70.27862456144348,0.5067855510527404,0
72.52023257758923,0.7601683114180395,0
78.32737222231289,0.5950307591973576,0
70.23699335658208,0.34052969327332044,0
85.7759534192949,0.9921650111924459,1
69.42730077373692,0.6200413907944425,0
76.33455574593312,0.6672572386837703,0
67.53499532670584,0.749299951743279,0
70.55461294854933,0.5436323669674032,0
65.87251401603744,0.43865973364590605,0
70.90933127529247,0.5428816500330573,0
75.28561113109458,0.342360784301575,0
71.62083176244221,0.4390487797840717,0
79.43092950605265,0.5612773905062569,0
70.1415918806523,0.6076007138598598,0
74.65640059558099,0.4328376632061948,0
66.68688120527077,0.4773515901150168,0
73.256956256529,0.5894924376944441,0
73.95515973521523,0.6105525932957984,0
70.9330456157818,0.43791524017488836,0
84.32860418906849,0.9319651825918978,1
80.02825312695744,0.8382746813453077,1
69.82086980445024,0.5076821891060256,0
66.54045965059377,0.4970737186315022,0
70.9338338223854,0.5975197629782429,0
75.5165094100826,0.4909466717695839,0
67.8372090609019,0.4196821049319655,0
88.00603374464558,0.8322435347664345,1
90.60515333662235,0.9104355937523213,1
75.83891030829903,0.4122017413243439,0
80.37700399322719,0.42527883208521766,0
73.22687974792574,0.39551908059789664,0
80.30048449445567,0.854790966716692,1
63.92905693606134,0.3024533433646128,0
66.49939592530413,0.523924686411115,0
73.40976485647482,0.39348863369246273,0
67.6886235564748,0.3486285607387173,0
87.49110874248393,0.7477640813782109,1
71.2986125086074,0.45111505782137257,0
77.75250246407039,0.38562737926793383,0
69.81182648787576,0.4464671814046077,0
71.8433665443645,0.5696954404510736,0
67.60412881077355,0.5771698710648345,0
63.25907288947143,0.5738810480887503,0
66.48973453061323,0.572762954363698,0
72.35707778193202,0.4749953485401047,0
72.40504615868356,0.4573642403794457,0
77.37678108474776,0.31980195624199803,0
62.75993049791878,0.45346895432199463,0
70.56758672625624,0.5133540904782282,0
80.30373962440993,0.5538296079049633,0
88.70412172710063,0.9665924252054462,1
65.86384528223839,0.5183359919779156,0
68.75517925760464,0.46350472704571144,0
74.6783919657373,0.599831089814796,0
61.862287810584185,0.6884586305934609,0
71.55625077271768,0.5419532443907028,0
90.19555893710134,0.8169555593443435,1
64.64553750969444,0.5918316606002313,0
86.50237179805414,0.9978858050781796,1
68.65296582777721,0.5860473488359745,0
60.40614392350479,0.4809317599236653,0
70.12255087129472,0.4827053940076577,0
74.26216667398111,0.6628396623128539,0
59.59035296058139,0.48673662536174267,0
75.47095759235474,0.5852773675122219,0
71.66831052643474,0.5903934841086196,0
62.888731452011626,0.593259083187309,0
67.38638489740481,0.5350630099273559,0
69.702373219691,0.5076005391412411,0
75.59787455717289,0.45625416996765894,0
73.48103182406709,0.7589563642018614,0
67.18137723598012,0.5170416222375488,0
56.74515095803494,0.5840620026504553,0
69.2216138230396,0.4796326249823034,0
67.23175347326409,0.6289752754082746,0
72.41236207621593,0.3429499396376823,0
68.38969241897162,0.37723921848630076,0
79.44271021531483,0.7970628491817928,1
63.597853237518585,0.5672573701202731,0
67.923560430496,0.6148637349428715,0
68.90164056081244,0.4651347865592141,0
66.86516471106117,0.5123204806784486,0
80.05102269383175,0.4589185712045415,0
70.6100490732268,0.5742127491071892,0
68.54153125103362,0.39772074348015946,0
64.35146572671191,0.6772251596669744,0
72.06390463468249,0.7439752406339273,0
78.82727120140548,0.5233785911790748,0
67.04214305582084,0.49908810033557965,0
65.30060106836322,0.5586364018755093,0
62.75957829251338,0.24460788650980453,0
74.87559866708875,0.5148667457202112,0
60.23956100238749,0.3668767046442222,0
71.21669724661346,0.49486062764115135,0
71.30527636089944,0.30017993154678924,0
73.78753855023652,0.5394671529822981,0
86.96207983589383,0.9014273067836435,1
71.24691841855378,0.5638051101440757,0
83.16191032418695,0.6373658545162958,0
79.23318498023833,0.5621571889856051,0
64.37255476350812,0.4922162802987198,0
67.41977635891313,0.4939339186185379,0
70.92418061847437,0.5952874547202939,0
73.55479984101746,0.5283287871546142,0
76.78120014285412,0.3880330105373856,0
63.61625712089845,0.5671340076450466,0
70.13045525105417,0.616187830260819,0
64.95956844541298,0.55159392177041,0
73.51909523431381,0.8018834468860319,1
77.23120616991967,0.9650450092536139,1
73.7364680256163,0.48250402433045914,0
62.403150170229935,0.6227668992473292,0
72.84883640116102,0.6056056809066052,0
78.45589800440445,0.8818775826781897,1
74.12708174494014,0.6390207549017314,0
65.47841687447796,0.38803825667109887,0
60.66367403704126,0.5309820710227028,0
74.75211919093024,0.5032004149065766,0
73.16959511159006,0.6639116805444067,0
65.52696348890248,0.5895038314076115,0
61.96776839871214,0.6726963851233405,0
67.27540456595526,0.28273304539859634,0
70.58663691654391,0.41015320182089626,0
82.27942998942903,0.8679332374442809,1
92.26233767235372,1.0422369861698508,1
67.18766612052866,0.6695051040430753,0
73.0394825485827,0.42122162480917613,0
78.80446462173049,0.9007063158628177,1
72.02490855480478,0.3444104353796372,0
73.50154939704495,0.6314914453584047,0
75.18769972128949,0.26370675644581615,0
77.69018283232984,0.5477040827223122,0
68.0394592343392,0.5732640077215579,0
66.01552372264761,0.5468774256075024,0
64.71144535522049,0.564719593970274,0
62.42127942501384,0.5810808273159782,0
62.60706877110079,0.42654084232019507,0
67.43066541331653,0.6238283071433636,0
73.3483627441502,0.4348643106208171,0
73.87317026714669,0.4944230922342294,0
63.111653160214544,0.5048860070325705,0
71.63463686882082,0.5293557932166629,0
68.18580719780171,0.434999741917654,0
71.24110293150169,0.5693105607263144,0
67.99389764057082,0.484147042697303,0
67.80134470862913,0.514679301198555,0
68.50496324767066,0.4571884839034087,0
65.95753198553406,0.5381935452231553,0
75.0314640460722,0.3830083164289712,0
77.38947022370758,0.46783649487826173,0
64.82378838790314,0.5381158384882778,0
92.74510075747594,0.904977368718096,1
82.22875989808414,0.48195200864093746,0
92.66716850648163,0.824150466529993,1
83.41963571986476,0.7914174871114814,1
71.28014867156938,0.3946317580853646,0
78.14307772785646,0.4751308873816453,0
71.68801331037601,0.4773521108098473,0
82.74905367574294,0.9462591292853951,1
84.31314105800301,0.9404294754961697,1
71.55453782799002,0.38298869739406405,0
65.58071281899433,0.4980362201073319,0
69.43835975154585,0.4419476550195277,0
74.15167908272123,0.41724097793512804,0
68.8293152152541,0.539348538542175,0
68.9115939838639,0.4974973041254856,0
67.26570529379804,0.48819314730089214,0
67.74967264260378,0.5996047685805816,0
81.69008911101696,0.755035478030147,1
85.76177436016862,0.7435758388288949,1
89.37194590356364,0.8579238206318947,1
69.19357144166996,0.6108182816737516,0
65.69793317358024,0.5513600106569716,0
79.38397906279033,0.4046671391741288,0
64.46832512996986,0.6148765700372103,0
73.31065337260523,0.4847530163619456,0
80.90371070139251,0.9363631882624968,1
66.69106767615806,0.5568983079185276,0
61.93642064405174,0.5413799097451498,0
73.90911435888655,0.5015579047581468,0
72.18833170602345,0.844169824605397,1
74.79635413042604,0.33864386021232584,0
75.7141140725751,0.5201099046714968,0
70.48060388470492,0.42915932330895373,0
63.69558022832477,0.5330880232214457,0
83.12401809838032,0.8630722860753797,1
72.71280021792982,0.4464764788439432,0
64.70393239055524,0.5021271576736062,0
66.3453498002904,0.577966053226934,0
67.11548172168798,0.42465821296538164,0
77.20058607724737,0.5089580681255249,0
79.82362566458195,0.4861544016016226,0
76.99548010761742,0.8521162543991596,1
71.29941397124212,0.48269281757161303,0
79.54708320235065,0.44488142836714667,0
88.19195962804191,0.8816803381279612,1
67.11554065238425,0.21277377867183506,0
77.26767038578659,0.490166037320525,0
91.40821897501884,0.722376476710168,1
89.12549132333817,0.8872450879622465,1
81.35346428902199,0.5061679849847972,0
85.94853083805198,0.8916562030209639,1
73.83717364576455,0.563517180168197,0
68.90449735595568,0.3643418195376595,0
64.3863898921885,0.44512750922590383,0
68.5567068053993,0.5391804005402546,0
73.1417275463214,0.5599928729996204,0
62.21685413238048,0.5409818656928512,0
68.59107695569746,0.5018849622944848,0
72.21909714073114,0.4294988144241591,0
74.10241090598682,0.55462842480037,0
66.16101217447935,0.5287124165201824,0
83.66673835382792,0.8075766855731696,1
70.95549534009952,0.4892697855995771,0
60.9755894966774,0.6088748619704186,0
70.98277388255788,0.5896839315865532,0
65.10813611192484,0.46506832038818025,0
80.13226900147765,0.9790625599162769,1
85.82380420618259,0.9698828420202535,1
71.92032724469654,0.5662881268667412,0
61.6923996886552,0.32315606344371484,0
72.23854280008658,0.522323891412916,0
66.42348145370016,0.596387911679491,0
81.52643434455472,0.9105894453115234,1
74.770008817466,0.42815927344308025,0
60.06215542699554,0.5850221742113493,0
72.60970782808448,0.6594505063224972,0
67.61171276617442,0.20786495165053925,0
78.77397090992183,0.6899881934895216,0
65.71958087045566,0.5086143883046375,0
72.36796215317591,0.545353430151398,0
63.323278206449494,0.4916894427371305,0
70.60147815855949,0.4677320161157864,0
62.84612448940976,0.6133770096867065,0
65.68004615160092,0.595530520857051,0
67.41194350481915,0.44378319734216976,0
66.74678715439086,0.4829815377475072,0
68.18193893893073,0.570945181713904,0
62.962681128117225,0.5934319911239274,0
71.70877987888579,0.6301741289398798,0
72.48357076505616,0.6399355436586003,0
72.59673257120586,0.4984690150827004,0
87.95907066870689,0.8642970799193391,1
68.75481980221811,0.5648280433843859,0
68.76240682224248,0.4962963202951588,0
75.2682089830392,0.31693671031435433,0
69.61449145292949,0.5104201103951876,0
69.68660451363414,0.5308833012598964,0
80.95227812904989,0.3853654606981312,0
67.22400236653401,0.3770450405547583,0
73.19296229388686,0.5140886246911204,0
70.4853877467402,0.4928398740585936,0
86.23252389216002,0.7647329714156466,1
65.71421221791859,0.6392002286344599,0
94.00255590755427,1.0419603004513638,1
72.86291390678079,0.4255097355193551,0
74.58930973527389,0.5833528961608925,0
66.77440122697438,0.5346503881730715,0
70.34281487403014,0.5421920754235284,0
65.85502494538964,0.4331909546356951,0
88.3643061798341,0.748212625331919,1
75.79055436750033,0.40606646061812457,0
78.80370802573263,0.8752974299254004,1
63.08600134517832,0.5592526949201183,0
70.53215113845948,0.4977131937701118,0
67.76783192724736,0.48318561814152106,0
72.69455021842329,0.7006092888159123,0
72.06465727137812,0.4611823181458771,0
73.54501878794257,0.5645215585950057,0
74.8168806462216,0.6022570432009641,0
66.99680655040598,0.5613517972730416,0
72.5045859381219,0.6513449743242131,0
63.77130610644006,0.5319781934142537,0
90.62717392207385,0.9250200206251695,1
66.23131917821256,0.5853415558780308,0
86.31280664500963,0.6395786143372866,1
71.70575987408321,0.49374068721004777,0
70.49666152714613,0.3975813175670795,0
69.79921024677829,0.4805091719647319,0
75.24504612918444,0.5489187130147664,0
77.39972069445012,0.7558199285668252,0
77.82321827907003,0.37170077758114306,0
73.92900079325416,0.40283432654587137,0
65.75077815267605,0.46329721609166774,0
80.71972044662662,0.4196325432030269,0
68.42365377679828,0.4705050321707972,0
62.372374145376305,0.5377100393902187,0
64.68848143136948,0.6613711269058647,0
81.91819295980261,0.9261250531233857,1
72.04126377857236,0.4980580394112267,0
63.59847800664553,0.5308050539504102,0
73.57000247046047,0.5940771187988216,0
70.85684140594985,0.454111573713106,0
71.28775195361382,0.4376231039304195,0
66.81130007874341,0.5969457200526737,0
60.646040394870724,0.34374541431134575,0
79.24478047472672,0.5579633173213576,0
81.62410862512809,1.0804348109786743,1
79.92452904086066,1.05337277099165,1
71.01731817933612,0.46003638143853975,0
67.34749426194736,0.38041169379648154,0
67.27808637737408,0.6727543170100712,0
67.13168996559882,0.6317115067339866,0
76.3577754749708,0.45683796872819515,0
65.12063373511333,0.4345924316872576,0
66.59007876001101,0.5708303847201064,0
71.12046240905208,0.4972695460490068,0
68.93005577887246,0.47918831427274605,0
81.70941755462371,0.7548824309948441,1
67.3712248915962,0.4394285076996661,0
67.3487119081378,0.5565509645631544,0
68.7371592430342,0.5169360824036078,0
67.12181086881112,0.6639964529371393,0
73.80207328072149,0.5407052287124535,0
63.47765249747573,0.5399687951752642,0
67.65412173947648,0.5184680305864908,0
63.60211516632149,0.4831178276809989,0
70.06500945938953,0.33070431858046145,0
65.45987962239394,0.46796526918056797,0
69.77206991822251,0.6126050250772168,0
75.15922269734317,0.47314693520941675,0
67.44991800572626,0.39902692952900626,0
69.07170511668092,0.21514573793699243,0
75.8158187607748,0.3907687235327421,0
87.73559557587605,0.9668741655592513,1
70.3490104249501,0.5192049116490032,0
73.37409746083301,0.3118150954502361,0
70.48838049274416,0.455671774880849,0
72.91964092662982,0.4190396480078354,0
89.14737420965874,0.8529957852240498,1
73.16465908877755,0.526032183877122,0
71.5390088444603,0.5513105798176082,0
77.2669223855885,0.5441940649569409,0
68.98477306978504,0.5301791899819466,0
75.94196636724043,0.4194129933503811,0
65.91532164506381,0.47045196819708396,0
69.46484820022721,0.5753341621104533,0
79.15729382927177,0.5136535331082738,0
66.11091656204562,0.467767953078866,0
71.0957516383197,0.7231300146192632,0
69.55132152856386,0.5555604466003449,0
66.16326218555976,0.4790676322848134,0
62.329429146321885,0.5455887772081608,0
56.901274479551276,0.599626681944714,0
88.92302143949011,0.9778936503512115,1
77.73752600665031,0.5793488720552213,0
74.63088773765821,0.5778361076166638,0
74.36228664140073,0.4608351432578209,0
70.54697397302446,0.5298752908365686,0
69.03819517609439,0.5150418905143577,0
70.57837317146429,0.5268592278863257,0
65.38917337911187,0.6374876419148185,0
72.0671745161185,0.45172564778179675,0
72.56633716556678,0.4803650150915022,0
84.48372619925476,0.9693478911913994,1
65.62190873307621,0.6024062525811462,0
78.97278931758893,0.6395683810789956,0
67.20539076364206,0.246971247725367,0
67.14410505108602,0.4836933036056236,0
67.67135123214871,0.51975996046924,0
61.434327354545616,0.36528737104703035,0
65.25300555584029,0.551120259952498,0
67.94061516938767,0.5367365506816179,0
69.4217585880588,0.6078680833431296,0
79.48396491326974,0.5563909120052359,0
77.75575987761262,0.5057013124897084,0
71.17807279054283,0.33848681840944905,0
62.84929311019684,0.40960923585352105,0
67.60625689168262,0.5508725023229933,0
65.17538269709948,0.7056207129940322,0
68.1951691709046,0.5586693801475274,0
57.641777499363556,0.4397787939638219,0
84.90369810132803,0.9457772866151886,1
62.96244152641089,0.6615375689469442,0
72.2213165574302,0.4741095026295923,0
78.27064538263393,0.7747606555586881,1
76.96169486440971,0.8640231354210914,1
87.38178884678109,0.7029896182288164,1
90.30104953749439,0.7788828070719219,1
66.4616526719061,0.5419019009366045,0
69.2647130924893,0.46629140288819604,0
67.18856235379513,0.5197910783462648,0
68.0333059383632,0.466618051024399,0
64.96991309250149,0.5064474414810121,0
63.776726483442914,0.6624678458469561,0
83.48136985611667,0.8987911052153945,1
72.14809109566293,0.3124827530354255,0
73.43130095187257,0.5633776880932099,0
83.6008458329481,0.38964106827842293,0
68.82706433312427,0.5346488475897992,0
72.71680096189968,0.5582097703468616,0
70.33764102343962,0.4975645407739017,0
69.90743432003805,0.4453755551747517,0
61.4870819788108,0.4696820217165725,0
79.30583441109616,0.8191734278359074,1
84.18603546963853,1.0795211355912322,1
69.72207664544773,0.3436809191303343,0
89.6878506881328,0.8999291405423354,1
65.88889802216784,0.5160573981049864,0
59.803839111199494,0.5815737212539297,0
76.64576265066216,0.5285554074857657,0
68.81590696629996,0.5278994162223802,0
75.26901026017451,0.5543298029036388,0
70.23218274078074,0.5447716925810278,0
70.66484837073438,0.39272569742601937,0
68.36168926701116,0.50519458858073,0
68.461108825235,0.6732514999485092,0
71.80818012523817,0.45322987986881086,0
76.91079495518764,0.49116370407946647,0
80.66516687328134,0.421401053949205,0
71.63066511121059,0.39996686753944255,0
67.49121478207732,0.543004164719107,0
77.51178526048014,0.48328782862135883,0
69.80222423071673,0.46809460643333817,0
71.16126848580502,0.3676910206592502,0
74.10951252187611,0.4506243416838688,0
82.37955801032703,1.0976440584515486,1
71.69248203747208,0.5200569197230943,0
71.83299123048424,0.4471383318250243,0
62.957693518182204,0.6109699841956223,0
65.76603140965797,0.5550052099024552,0
62.8206892441028,0.5609138120907177,0
59.874287066711965,0.667770081407644,0
64.59225998192802,0.32391911880192237,0
87.78845530362562,0.9408652811480671,1
67.89507759589868,0.4728876398957431,0
64.15660981190234,0.49423812029664144,0
70.36658983594202,0.5423599065593461,0
90.57160847334436,0.8612900297525599,1
65.38383376944547,0.22967677070007625,0
68.80525976566796,0.4283177679397195,0
67.8655946502629,0.6029960817581161,0
75.4039036277731,0.3542448500535069,0
85.00602737681112,1.0484116028535966,1
66.81306436346742,0.380636316824352,0
65.04731837434656,0.5302635465239033,0
69.82644115147379,0.7403415585238275,0
76.83437133722262,0.5014688194729197,0
60.795628843341774,0.4895550781462529,0
68.76411308739702,0.6188913371474642,0
68.45393812074393,0.6172729019259364,0
76.77818929402476,0.42008079933497466,0
74.16961077274452,0.46907909229501366,0
70.64052207455394,0.5593556722280861,0
70.06964645956474,0.5168460976269614,0
70.14372411467409,0.6173124637586641,0
64.8674235029447,0.5747910256117534,0
72.02025428407269,0.39600940728744694,0
61.72571664067115,0.4596351536758003,0
66.13495108072267,0.4115197285973099,0
67.79977756651508,0.42644700574102334,0
70.29609217007244,0.47045985898609705,0
67.69680614520107,0.5652322878413419,0
68.93276424144076,0.47752345981073163,0
74.86277224813365,0.5194607455237242,0
71.92658689864419,0.5440474737960399,0
68.28642741736616,0.7088374704780728,0
68.82923312638331,0.569822331361359,0
71.11942012139566,0.6148445709196755,0
71.04191403973776,0.5800409525227682,0
66.6153899984702,0.5494030186282739,0
64.87806179332856,0.40793264069206336,0
88.111035720217,0.9085318142565024,1
69.55439980243605,0.37031680520441534,0
66.59474171262559,0.20596113653357195,0
71.90098925502981,0.3495279625968998,0
71.44584321953909,0.62657078408647,0
75.79664901682123,0.45250963433774755,0
69.89549203017926,0.5536509843570403,0
71.21843605745956,0.5003046020153414,0
71.42932695362452,0.6032546204341658,0
74.06754818000319,0.5557810306351862,0
71.48492336616593,0.4153038651681672,0
72.93428546900135,0.6633431532301096,0
86.95232424964445,1.0235782191822154,1
74.14702790591744,0.5466429982433526,0
63.74443211807348,0.43222550294751483,0
66.43577108661418,0.629699454656111,0
71.62041984697397,0.43744372984904706,0
70.09216966532696,0.4464036554885952,0
70.14878069747873,0.5021311648671942,0
69.20030735018287,0.5759155160302647,0
85.10443244147982,0.9683569323200478,1
61.96258382719386,0.48499444129674735,0
68.62474151424178,0.6196631486645652,0
64.46737045629165,0.4646833707189312,0
76.1890815598673,0.4343105721028604,0
86.15350452859342,0.7634044288799466,1
73.54178223649677,0.5467693171765433,0
70.48497982496359,0.5056649924897108,0
62.93848149332354,0.5424165946401917,0
63.88936095554027,0.3820960208840197,0
63.89578175014489,0.6573986763290033,0
67.77248739299614,0.5168654671966728,0
67.56437308117651,0.4546771950672725,0
67.38569986423366,0.641093237974627,0
89.82698742295585,0.9347676483538336,1
69.28810257489353,0.6501333651955487,0
74.44815397811719,0.42808466807575796,0
68.07722227885087,0.44672991603380885,0
65.70821109909393,0.6612278257988645,0
92.1137406804997,0.8495820168992329,1
75.33337344794577,0.4563614109473431,0
63.359069755507846,0.5224451818559972,0
74.13591624518011,0.47193249231332257,0
68.32749382079525,0.3776059733237743,0
69.0656417791932,0.45169389483165606,0
82.24731575254208,0.8535595737690612,1
91.01942218584408,0.7851205964841343,1
72.7989522396552,0.5082439752934503,0
73.94069044335247,0.9032796995411587,1
74.40819878474726,0.6262584103427182,0
71.46536236649341,0.664201516013637,0
63.55019550129473,0.7062524919243145,0
69.83623364892001,0.2878145100991405,0
75.94508265553776,0.5919154173610002,0
72.94158603242288,0.5507991326912544,0
67.44392161784407,0.6080048065714648,0
87.43936142435537,0.906934433703625,1
73.56499215086194,0.6187679388461564,0
63.10340385992736,0.46919657158142586,0
68.24243257979346,0.4470947322653705,0
86.2197659895425,0.8473965157332419,1
75.14577818662822,0.579994190194205,0
71.35789418597686,0.48398672044333596,0
71.57123666297637,0.4516114165945678,0
67.16851135198614,0.4245724149980642,0
65.90889658383264,0.4929501221940909,0
67.57882963566874,0.37903589813087946,0
69.50412068110309,0.46568077245025896,0
85.03399922279999,0.9260280506582886,1
67.76742523966489,0.5105375506145959,0
71.50773671166806,0.5364961002466225,0
85.7587899612437,0.9501782736167546,1
72.95327415346155,0.4526160652929084,0
66.13105400448214,0.5122670315994795,0
73.12833673882503,0.5179894151153478,0
67.19909479901516,0.5992042349536523,0
64.81376922836772,0.7061503576636398,0
66.40777889373783,0.36331213015845787,0
98.7983001945554,0.9730764119066525,1
65.16511928435393,0.43732827754100345,0
72.58829510234561,0.4072646865809426,0
93.3073508286401,0.9617005949576698,1
65.11222377600724,0.5630811684554777,0
77.2557180389752,0.36280988570686434,0
66.40077895802645,0.5883659937486673,0
72.88278481527882,0.4879051851392218,0
72.36916460455893,0.7252435805344308,0
85.00103532459099,0.8101215951676872,1
65.92094857517282,0.5281191423969376,0
64.93584439832789,0.43485819963855515,0
69.74880945275432,0.4806340540720282,0
71.71809144784231,0.6476540349725896,0
74.28199397161737,0.36659745050817955,0
72.8853606359027,0.4001614560811708,0
73.77695612912878,0.48782524916167164,0
57.88060336685522,0.5947526462122859,0
71.219003568856,0.6085786324939347,0
67.89906591452072,0.4901411867715738,0
69.7614432192901,0.5862393472382759,0
69.36041204259617,0.5722381357827772,0
88.57690657720622,0.9695537757565778,1
63.810922505865754,0.5956702316794584,0
82.54181907183977,1.0007513689836922,1
73.40750348686312,0.4203974143196511,0
67.17960684631636,0.5097983153470895,0
75.44475298483682,0.4870179300266574,0
64.24503211288848,0.50380034781682,0
77.93008408072676,0.570810867668859,0
76.78405594422917,0.8607987360080871,1
63.099492708925546,0.6607345576019993,0
78.71211070542692,0.7292642042407054,1
73.45071995855557,0.6196571501664492,0
73.39798874467338,0.7210523001591351,0
60.201649380601125,0.353562511979018,0
75.45753425961232,0.554673356820138,0
62.96669451575889,0.6001046092567142,0
84.04980482499253,0.803624107378939,1
80.76591228755778,0.6471170327493608,0
67.1209087967766,0.5444602668220141,0
67.5528027874089,0.3765651128120078,0
83.21277288594787,0.8042849085104957,1
68.12589596225202,0.5201159655872839,0
69.93251387631032,0.5399223122605279,0
76.96220067815513,0.7749592266030283,1
95.44769360847387,1.0448499229892927,1
70.86590462925591,0.3407006266468331,0
93.21336476627982,1.2109918556005361,1
79.98906272109264,0.9497743089091395,1
84.48389123533752,0.7928946320350951,1
72.81484618345286,0.49966255425890477,0
71.39510762885169,0.4457326200265978,0
67.73846840375461,0.6124112719986013,0
84.09804159118796,0.9343787881549885,1
84.26109840591265,0.8748461113955505,1
74.69141902988,0.6901190685753007,0
75.71877021603464,0.4189747562985619,0
65.1265916488634,0.2500594285126427,0
73.60836032021618,0.5403730090336609,0
85.09573888707877,0.7996042627918502,1
75.79297789503703,0.3610427533236404,0
77.0467372009279,0.5076851882958768,0
73.0300497567282,0.47587423453814576,0
88.29622834216202,0.8686941969476846,1
71.11893975819449,0.4790778126255472,0
73.24354943794822,0.4629988970117872,0
77.88726639881737,0.5500844474944457,0
81.79256545477845,0.9207267329398944,1
66.59987639210755,0.4361038252310498,0
62.08048588257138,0.42271223321763907,0
81.0379003950002,0.9719757942148182,1
65.84524941794481,0.6477530081055262,0
69.86743062275391,0.5217432873179723,0
70.32140009547732,0.5043811471979109,0
64.20817655403728,0.5513085420097293,0
67.22261440419872,0.6775310892609512,0
65.9886136538919,0.4860410371844826,0
78.77670421221602,0.6072507337309803,0
70.33759240705055,0.5507835756289624,0
77.96593313319698,0.6873297776217546,0
67.70319550229878,0.5176441555277225,0
89.25448981083986,0.943673855173351,1
70.97044996449154,0.45279094223028726,0
68.28656202959826,0.4608241850956178,0
73.75966516343387,0.6050654396007612,0
73.05838144420434,0.5260673765823907,0
71.73224104748488,0.2846609886396285,0
70.2349029688237,0.5718953310665067,0
82.85377789850669,0.9890198411124786,1
72.56892975456104,0.4337099082449052,0
83.22979644529488,0.9890383163519787,1
70.99042380383928,0.3993457434720359,0
88.35240308620607,0.9418398220888684,1
70.22785919951907,0.4911717951648745,0
67.65262807032524,0.6049552715319335,0
73.28276804316914,0.46751686164913775,0
71.04431797502377,0.3774234336997659,0
65.07136976832228,0.5240753179488569,0
75.63282514773879,0.5325796316582166,0
75.16232630275573,0.5374056569847572,0
73.05185132716733,0.4244254840507155,0
69.16440959841573,0.47412039373328974,0
83.36052641743541,0.8810879609222967,1
82.63466212936811,0.5964851633097458,0
78.38218656137641,0.3745710576830751,0
76.7271002307749,0.4331855914461006,0
83.88398872682598,0.6846657080128755,1
89.03561298318655,0.8315370174239997,1
92.44931719301042,1.0097152711753696,1
53.79366329965464,0.5538755992446369,0
73.27182828177028,0.4708188731084456,0
71.53649760438304,0.4709725455811349,0
70.13442919497265,0.543192254467394,0
71.66157005989795,0.4356481769619857,0
71.25246425172938,0.4008607650543693,0
64.64957616836924,0.4630389663956366,0
62.42404468900724,0.4865982833327082,0
63.74230287904778,0.4094267699137381,0
74.38681145287836,0.5516178287114959,0
69.62783285449977,0.457069777548274,0
68.32107650354936,0.5024219456672758,0
87.9427663488536,1.0035249334723753,1
85.86670832185204,0.9492018847992799,1
70.4329489373645,0.4899845923520047,0
63.52460613968192,0.3932467085745727,0
67.48972887823695,0.34970296716048466,0
77.8276201461717,0.6100959634998571,0
78.43570817536282,0.3474343685429905,0
75.32740187532676,0.4012820472848816,0
71.05508733601309,0.6107080669286973,0
85.00263979428298,0.7274193271209404,1
63.39771693457862,0.3559949117405705,0
63.81524644560959,0.3903724913104798,0
80.82428549184988,1.011739881590246,1
70.98260584850735,0.5521122428379338,0
71.16024968678818,0.35151020315500964,0
70.02621849859092,0.6185704154662997,0
79.40578534720295,0.5496699223236522,0
69.58924410803715,0.44043387059565076,0
85.11232946406024,0.8994403981170954,1
69.27819794038028,0.6139878561129045,0
71.0698995536711,0.41494795457906997,0
72.36618812286773,0.40175126064616906,0
61.10639875547861,0.5323079273116029,0
70.92316929266153,0.5125576453471542,0
63.241576971918334,0.5677875319530907,0
72.12728780892482,0.36203818352110695,0
70.76862552972764,0.5552489954417148,0
75.22080438534536,0.44075357408471055,0
68.0734320156912,0.4690883535797499,0
74.24801048510513,0.5838490774451642,0
82.73375795488494,0.8402489805308359,1
62.02786170602816,0.39530890173180605,0
77.0139715546805,0.5638730222029185,0
75.41525621587638,0.5122297503032284,0
71.1710736626826,0.5361503525206102,0
67.62527344419522,0.5034083468259226,0
77.6623736712378,0.8339678860526554,1
66.20433669223151,0.5742095372009307,0
77.10252123994927,0.6000582318042978,0
70.40937069693162,0.7145149127773388,0
78.34510762644696,0.6412220555415429,0
69.30867849414408,0.5924633682912769,0
70.30115104970513,0.5870067730688754,0
74.6201350960345,0.5513907849658914,0
71.76027698257148,0.6261921500713992,0
84.302768621595,0.9666312500909212,1
69.83652625952953,0.6173473857485325,0
67.28287614433117,0.43921780129055676,0
87.12943603096518,0.8078140186874687,1
68.44866621703272,0.46947752956453326,0
68.84532734895662,0.6187386051564752,0
78.48228184145019,0.40254706953293584,0
74.20321774494361,0.5655900776529761,0
69.37106539950176,0.6281016361735113,0
69.20996050710505,0.4356450167682538,0
84.62024488178739,0.84517127035094,1
80.49689632676066,0.9606723059136183,1
75.26576426666452,0.42480306682611807,0
68.63638215126164,0.5428307097207649,0
81.1542882510635,0.988233306232341,1
67.56196887963753,0.5913584626233249,0
64.35474114391386,0.4975804393609084,0
73.85432596943484,0.6164739354457172,0
66.18370421728741,0.4627793223928947,0
85.96794955683772,0.9198948146796495,1
74.1784605603257,0.4972485094949364,0
66.94241098504025,0.5189581616598743,0
88.01593715541172,0.9887655425873836,1
66.21824627357849,0.5224684725751886,0
62.68242525933941,0.49192834198914176,0
85.29966315133164,0.8641659847978778,1
68.3698823391608,0.588404539636105,0
66.8759071115216,0.5070052163113181,0
78.9793883654776,0.3251468026761819,0
72.53637015553649,0.5006422269810937,0
84.87212843904003,0.859296368707322,1
72.5751763360433,0.42980083121932444,0
63.39883396489679,0.7013387247526623,0
64.59471729795868,0.521319662823769,0
69.11526386252976,0.38942953315140644,0
76.76936187082707,0.40283859614893486,0
69.82505754751519,0.7170942717497814,0
89.08944829012515,0.7496919698240182,1
86.04829707637313,0.7133460048639384,1
68.70204324318198,0.4920358608754285,0
71.3998431315991,0.588310977714716,0
73.21361379933772,0.4945105999383714,0
69.0800833182366,0.6085982116175033,0
72.4468728061396,0.5324359281721603,0
70.02556728321231,0.5916327674702482,0
67.82751886283842,0.3196860323744055,0
64.66189785308703,0.3578189333258156,0
63.00716213090429,0.41818011165776925,0
91.18065360903108,0.8512771435886448,1
82.6188956322767,0.9886887390097301,1
69.67124869463507,0.6958347454220594,0
73.10336048775339,0.4307579020126144,0
71.78893680174141,0.5125224502647907,0
65.40287882883098,0.4755843364709351,0
80.6643489214455,1.0511154930247348,1
73.69233289997705,0.6683927691457869,0
74.98068817796623,0.8933867385374178,1
66.34816684141431,0.44425082149921663,0
80.94901466608836,0.4394384460263136,0
71.40495933867517,0.38966333938261266,0
75.89648592031914,0.6528468426412531,0
72.45959585753253,0.4322284630247894,0
72.39489912873196,0.5436559804157668,0
82.45929901176345,0.9783390509282596,1
69.72852566741093,0.5985729995679863,0
61.652973594393146,0.6221033695525353,0
74.06262911197099,0.4637559058596868,0
61.375410837434835,0.6735963803165249,0
86.32681174699815,0.968021610545045,1
70.38684153823809,0.44357524013426114,0
65.95850857322424,0.6826009713546937,0
69.63585543671563,0.47753668500029756,0
69.51970050137675,0.33980341881028314,0
66.13587392731215,0.4326509375756131,0
71.03843843581555,0.5115026079147417,0
88.0788557488557,0.9679373282956504,1
69.91788551963624,0.33165618077790493,0
68.39307079173503,0.4697530313511872,0
69.71527188139466,0.4564513629430157,0
66.53545202369673,0.49011103468088574,0
83.67742579344694,0.8563280263959405,1
66.03563583868828,0.3239237240844182,0
62.57219813481514,0.41088077745847124,0
70.65370288643045,0.6236093175210438,0
68.59449853557022,0.6070150238316427,0
72.80392263184117,0.4570594458874747,0
73.93542301871226,0.7290942572590742,0
66.10847637298843,0.6838183676795122,0
67.00312488523113,0.5536652752527286,0
66.4782815472862,0.563472146856177,0
88.59092862853967,0.9849102110743144,1
67.95962313489224,0.47186724428817867,0
86.38688468979096,0.8352458194364841,1
85.91924772376848,1.0321304032273013,1
79.05294053566337,1.0995667489783965,1
65.31087480042439,0.5040591691203883,0
74.11272456051594,0.4516813537700626,0
62.14887640054772,0.3679977488779294,0
70.24260813972414,0.5088406886291847,0
91.86424237338265,0.895134764842955,1
74.84322495266444,0.4962777763490158,0
70.73356843216662,0.6598647170504717,0
76.00606961081972,0.5736843897092433,0
66.36431412087566,0.43882309090947147,0
69.4263177926655,0.47964196398976383,0
60.43359877671101,0.4310812181910432,0
70.1050192081638,0.368816376764984,0
73.78494308322676,0.481710355889516,0
79.38085419607943,0.6561511196726852,0
74.11030079997245,0.6384272818510518,0
69.75268145173783,0.4871462488561069,0
77.32824384460777,0.55228354880355,0
56.515566785292144,0.48128557349954515,0
78.6991761741371,1.02119439853864,1
65.40674026757901,0.5233216131263502,0
74.35562351715846,0.2575759739727058,0
89.9366725829455,0.8844101822063333,1
68.79837300920933,0.4535382702701607,0
72.28376609576893,0.8137748533659994,0
62.42576387657068,0.40316555451363645,0
60.552296345272346,0.4611481546911114,0
69.07548931778506,0.5179581781939598,0
71.3522841288992,0.3858310885866495,0
77.7807259193323,1.0194109403047373,1
78.22483856750642,0.421510168691776,0
65.83822213447885,0.639246530006433,0
66.22308533823339,0.5501094169939845,0
80.61078098506317,0.3006264357428544,0
68.87111849756732,0.4426299996061421,0
64.01061053705575,0.5673181351269958,0
70.99529847786735,0.7319329539981694,0
75.58647915794064,0.6374438093170818,0
70.75196893238103,0.5299292580406492,0
68.4541393826568,0.341586405699451,0
67.46528412314436,0.6190646274786341,0
79.06224278998465,0.5551485376040468,0
62.24668284466934,0.5321357215450273,0
66.00851377730773,0.47850789697112645,0
83.68554585395866,1.0674492433347538,1
71.64375554829843,0.5238789159026513,0
69.93876613576543,0.6530750832343697,0
73.07083350021712,0.6669904504351406,0
65.4530627260263,0.618703030556038,0
80.887900338089,1.0617212574968624,1
84.6211785673227,0.9522514105265758,1
87.19237869404864,0.8706033052335818,1
71.01461510425649,0.4865691258529452,0
79.09593592345577,0.7908299123860686,1
